Player1,Player2,Player3,Player4,Player5,Player6,TOT
Lanto Griffin,J.T. Poston,Sepp Straka,Doug Ghim,Chris Kirk,Hank Lebioda,298.75836162279484
Ben Martin,Doug Ghim,Satoshi Kodaira,Jhonattan Vegas,Jason Dufner,Emiliano Grillo,290.0042480568386
Roger Sloan,Luke List,Patton Kizzire,Chris Kirk,Hank Lebioda,Ryan Moore,305.7949338675868
Louis Oosthuizen,Ben Martin,Patton Kizzire,Pat Perez,Stewart Cink,James Hahn,316.75825031999557
Adam Schenk,J.T. Poston,Patton Kizzire,Pat Perez,Matt Kuchar,Emiliano Grillo,295.15233643126123
Matthew Wolff,Josh Teater,Chris Kirk,Bubba Watson,Charl Schwartzel,Ryan Moore,303.97842580740905
Matthew NeSmith,Roger Sloan,Patton Kizzire,Brian Stuard,Hank Lebioda,Beau Hossler,293.56439794460834
Louis Oosthuizen,Ben Martin,Roger Sloan,Doug Ghim,Hank Lebioda,Vaughn Taylor,306.8366353163782
Dustin Johnson,Ben Martin,Roger Sloan,Ryan Armour,Kyle Stanley,Cameron Percy,291.9929508227132
Matthew NeSmith,Adam Schenk,Denny McCarthy,Josh Teater,Patrick Reed,Harry Higgs,292.0042295063721
Patrick Rodgers,Adam Schenk,Tony Finau,Patton Kizzire,Charles Howell III,Mito Pereira,290.863895226965
Roger Sloan,Luke List,Bubba Watson,Cameron Tringale,Wyndham Clark,Matt Kuchar,290.32575546775
Louis Oosthuizen,Roger Sloan,Patton Kizzire,Scott Stallings,Charl Schwartzel,Michael Gellerman,295.3237891182963
Sergio Garcia,Roger Sloan,Charles Howell III,Scott Piercy,Chris Kirk,Bubba Watson,294.9806425881611
Louis Oosthuizen,Doug Ghim,Chris Kirk,Cameron Tringale,James Hahn,Ricky Barnes,296.3452334576215
Sepp Straka,Luke List,Doug Ghim,Bubba Watson,Robert Streb,Camilo Villegas,290.4381527445415
Lanto Griffin,Adam Schenk,Doug Ghim,Andrew Putnam,Cameron Tringale,Mito Pereira,291.7823473760365
Louis Oosthuizen,Lanto Griffin,Roger Sloan,Harry Higgs,Rob Oppenheim,Emiliano Grillo,290.48598512252585
Lanto Griffin,Adam Schenk,John Huh,Charles Howell III,Cameron Tringale,Harry Higgs,291.4798541933329
Sepp Straka,Luke List,Doug Ghim,Patton Kizzire,Josh Teater,Adam Long,300.4991188528391
Louis Oosthuizen,Roger Sloan,Patton Kizzire,Ben Taylor,John Huh,Stewart Cink,291.56684660619214
Ben Martin,Doug Ghim,Austin Cook,Bubba Watson,Keegan Bradley,Kyle Stanley,297.73771495353105
Tony Finau,Sepp Straka,Patton Kizzire,Brian Stuard,Rhein Gibson,Cameron Tringale,300.8413378596472
Ryan Armour,Josh Teater,Kyle Stanley,James Hahn,Camilo Villegas,Cameron Percy,289.97506817296454
Louis Oosthuizen,Matthew NeSmith,Ryan Armour,Brendon Todd,Rob Oppenheim,Emiliano Grillo,292.3435175394661
Ben Martin,Matthew Wolff,Luke List,Will Gordon,Cameron Tringale,Emiliano Grillo,302.60227799729165
Brandt Snedeker,Charles Howell III,Chris Kirk,Cameron Tringale,Rickie Fowler,Mark Anderson,298.02103622906117
Dylan Frittelli,Roger Sloan,Doug Ghim,Josh Teater,Patrick Reed,Chris Baker,292.0366835475912
J.T. Poston,Doug Ghim,Michael Thompson,Josh Teater,Hank Lebioda,Rob Oppenheim,293.01481254753554
Adam Schenk,Ben Martin,Patton Kizzire,Bo Hoag,Chris Kirk,Rickie Fowler,295.41808113974065
Brandt Snedeker,Doug Ghim,Brendon Todd,Charles Howell III,Patrick Reed,J.J. Spaun,296.29974771365494
Scott Harrington,Patrick Reed,Cameron Tringale,Michael Gellerman,Ryan Moore,Emiliano Grillo,292.53217578422095
Russell Knox,Joel Dahmen,Patton Kizzire,Michael Thompson,Chris Kirk,James Hahn,291.1691709796501
Dustin Johnson,Adam Schenk,Bo Hoag,J.J. Spaun,Cameron Tringale,Troy Merritt,292.5543157660415
Peter Malnati,Josh Teater,Patrick Reed,Stewart Cink,Bubba Watson,Vincent Whaley,298.1040866677797
Matthew NeSmith,Patton Kizzire,Bubba Watson,Kyle Stanley,Brice Garnett,Richy Werenski,301.12400059361494
Louis Oosthuizen,Lanto Griffin,Andrew Putnam,Scott Stallings,Hank Lebioda,Emiliano Grillo,305.05451982117347
Matthew NeSmith,Bubba Watson,Kyle Stanley,Hank Lebioda,Emiliano Grillo,Quade Cummins,293.88266829910776
Louis Oosthuizen,Brian Stuard,Patrick Reed,Vincent Whaley,Michael Gellerman,Mark Anderson,293.71162372233664
Louis Oosthuizen,Aaron Baddeley,Rafa Cabrera Bello,Patrick Reed,Pat Perez,Rob Oppenheim,290.36050976682066
Brandon Hagy,Josh Teater,Adam Hadwin,Bo Hoag,Bubba Watson,Cameron Tringale,290.95271486077877
Roger Sloan,Matthew Wolff,J.J. Spaun,Cameron Tringale,Hank Lebioda,Jhonattan Vegas,299.6680208507244
Bronson Burgoon,Josh Teater,Scott Stallings,Kyle Stanley,Cameron Tringale,Richy Werenski,290.7191923126867
Sepp Straka,Doug Ghim,John Huh,Stewart Cink,Bubba Watson,Cameron Percy,294.96589496725846
Sepp Straka,Ryan Armour,Brendon Todd,Patrick Reed,Jhonattan Vegas,Richy Werenski,291.50440573580426
Ryan Armour,Kyle Stanley,J.J. Spaun,Cameron Tringale,Jhonattan Vegas,Emiliano Grillo,298.1816925445675
Nelson Ledesma,Patton Kizzire,Charl Schwartzel,Camilo Villegas,Joseph Bramlett,Emiliano Grillo,295.60005194130633
Tyler McCumber,Matthew NeSmith,Tony Finau,Pat Perez,Kyle Stanley,Hank Lebioda,291.10250060289013
Louis Oosthuizen,Russell Knox,Doug Ghim,Vincent Whaley,Scott Stallings,Brice Garnett,298.1165896822305
Sergio Garcia,Matthew Wolff,Bronson Burgoon,Doug Ghim,Josh Teater,Bubba Watson,298.26260040440013
Louis Oosthuizen,Josh Teater,Satoshi Kodaira,Cameron Tringale,Charl Schwartzel,Steve Stricker,297.41194093531453
Aaron Baddeley,Nelson Ledesma,Doug Ghim,Patton Kizzire,Maverick McNealy,Joseph Bramlett,290.04630196449443
Dustin Johnson,Scott Stallings,Brice Garnett,Harry Higgs,Maverick McNealy,Emiliano Grillo,290.1796334427811
Matthew Wolff,Michael Thompson,Will Gordon,Kyle Stanley,Maverick McNealy,Emiliano Grillo,290.94068488322483
Louis Oosthuizen,Tom Hoge,Brendon Todd,John Huh,Patrick Reed,Chris Kirk,292.39201773424605
Matthew Wolff,Michael Kim,Bubba Watson,Cameron Tringale,James Hahn,Hank Lebioda,290.0687109280799
Peter Malnati,Brandt Snedeker,Josh Teater,Brice Garnett,Cameron Tringale,Hank Lebioda,297.8801268851912
Andrew Landry,Joel Dahmen,Patton Kizzire,Michael Thompson,Keegan Bradley,Cameron Tringale,295.27245997736844
Adam Schenk,Tony Finau,Sepp Straka,Brice Garnett,Cameron Tringale,Jason Dufner,304.8017140631087
Rafael Campos,Brendon Todd,Patrick Reed,Bubba Watson,Kyle Stanley,Emiliano Grillo,298.3138738939284
Dustin Johnson,Roger Sloan,Denny McCarthy,Scott Piercy,Josh Teater,Kyle Stanley,294.224998608715
Patton Kizzire,Andrew Putnam,Michael Thompson,Patrick Reed,Bubba Watson,Kyle Stanley,312.7819763667056
Adam Schenk,Tony Finau,Sepp Straka,Bronson Burgoon,Josh Teater,Stewart Cink,303.3259966238151
Louis Oosthuizen,Doug Ghim,Scott Harrington,Cameron Tringale,Hank Lebioda,Keith Mitchell,297.5492422134417
Bill Haas,Tony Finau,Patton Kizzire,Kyle Stanley,Rob Oppenheim,Emiliano Grillo,294.38722243864436
Louis Oosthuizen,Aaron Baddeley,Andrew Putnam,Keegan Bradley,James Hahn,Hank Lebioda,303.04762832285235
Sepp Straka,Bo Hoag,Cameron Tringale,Wyndham Clark,Jhonattan Vegas,Emiliano Grillo,308.64252323445936
Louis Oosthuizen,Aaron Baddeley,Denny McCarthy,Scott Piercy,Michael Thompson,Patrick Reed,292.2913443523105
Dustin Johnson,Adam Schenk,Bubba Watson,Kyle Stanley,Satoshi Kodaira,Cameron Percy,300.4799191199658
Louis Oosthuizen,Patton Kizzire,Andrew Putnam,Will Gordon,Robert Streb,Cameron Tringale,297.6661936297698
Louis Oosthuizen,Adam Schenk,Tony Finau,Brendon Todd,Luke Donald,Josh Teater,294.08361622794814
Charles Howell III,Patrick Reed,Cameron Tringale,Charl Schwartzel,Wyndham Clark,Wes Roach,294.7132747138591
Ben Martin,Brandt Snedeker,Josh Teater,Bubba Watson,Kyle Stanley,Camilo Villegas,296.4378652123101
Andrew Putnam,Charles Howell III,Josh Teater,Chris Kirk,Jhonattan Vegas,Richy Werenski,293.2725156287681
Matthew NeSmith,Joel Dahmen,Andrew Putnam,Bo Hoag,Cameron Tringale,James Hahn,296.493080675979
Sam Ryder,Doug Ghim,Patton Kizzire,Ben Taylor,Charles Howell III,Cameron Tringale,298.1636151149201
Kris Ventura,Sepp Straka,Nelson Ledesma,Patton Kizzire,Cameron Tringale,Hank Lebioda,290.41461220249687
Ben Martin,Luke List,Keegan Bradley,Cameron Tringale,Chez Reavie,Joseph Bramlett,291.9495520062329
Tony Finau,Brandt Snedeker,Pat Perez,Charl Schwartzel,Rob Oppenheim,Emiliano Grillo,299.6990465060196
Louis Oosthuizen,Lanto Griffin,Roger Sloan,Charles Howell III,Kyle Stanley,Maverick McNealy,305.6346856623444
Louis Oosthuizen,Russell Knox,Nelson Ledesma,Michael Thompson,Josh Teater,Cameron Tringale,298.3261450275475
Dustin Johnson,Brandt Snedeker,Cameron Tringale,Camilo Villegas,Matt Kuchar,Joseph Bramlett,295.4833787819764
Brandt Snedeker,Doug Ghim,Patton Kizzire,Stewart Cink,Brice Garnett,Michael Gligic,299.75531934628157
Tyler McCumber,Ben Martin,Cameron Tringale,James Hahn,Hank Lebioda,Jhonattan Vegas,293.13642940619957
Sergio Garcia,Tony Finau,Josh Teater,Vincent Whaley,Camilo Villegas,Joseph Bramlett,300.6708312464059
Louis Oosthuizen,Sepp Straka,Keegan Bradley,James Hahn,Jhonattan Vegas,Matt Kuchar,296.8781048843378
Patton Kizzire,Michael Thompson,Keegan Bradley,Mark Hubbard,Charl Schwartzel,Jhonattan Vegas,291.4050679874599
Louis Oosthuizen,Andrew Landry,Aaron Baddeley,Michael Thompson,Patrick Reed,Mark Anderson,291.5904149739366
Ben Martin,Joel Dahmen,Patton Kizzire,Jhonattan Vegas,Richy Werenski,Joseph Bramlett,290.163336857922
Matthew NeSmith,Patton Kizzire,Charles Howell III,Brian Stuard,Chris Kirk,Will Gordon,291.9983397332443
Louis Oosthuizen,Charles Howell III,Keegan Bradley,Harry Higgs,Cameron Percy,Joseph Bramlett,293.66444061068137
Joel Dahmen,Patrick Reed,Bubba Watson,Kyle Stanley,Mark Anderson,Wyndham Clark,297.92973083273046
Adam Schenk,Patrick Reed,Scott Stallings,Brice Garnett,Satoshi Kodaira,Maverick McNealy,295.90358395013635
Roger Sloan,Joel Dahmen,Vincent Whaley,Brice Garnett,Cameron Tringale,Maverick McNealy,297.40462277626284
Ben Martin,Doug Ghim,Patrick Reed,J.J. Spaun,Matt Kuchar,Emiliano Grillo,294.46104402025713
Patrick Rodgers,Charles Howell III,Chris Kirk,Scott Stallings,Kyle Stanley,Emiliano Grillo,297.6019626393604
Brandt Snedeker,Charles Howell III,Brian Stuard,Josh Teater,James Hahn,Joseph Bramlett,300.1110245422672
Lanto Griffin,Patrick Reed,Scott Stallings,Cameron Tringale,Camilo Villegas,Joseph Bramlett,307.13713432392825
Doug Ghim,Austin Cook,Tom Hoge,Patrick Reed,Rob Oppenheim,Emiliano Grillo,291.54497560613646
Adam Schenk,Sepp Straka,Keegan Bradley,Richy Werenski,Cameron Percy,Emiliano Grillo,295.7152688890126
Louis Oosthuizen,Aaron Baddeley,Bubba Watson,Kyle Stanley,Richy Werenski,Troy Merritt,292.1201235461072
Dustin Johnson,Adam Schenk,Patton Kizzire,Ben Taylor,Charles Howell III,Nate Lashley,291.049900755004
Louis Oosthuizen,Russell Knox,Sepp Straka,Wyndham Clark,James Hahn,Joseph Bramlett,291.4618880664849
Louis Oosthuizen,Andrew Putnam,Bo Hoag,Keegan Bradley,Kyle Stanley,Joseph Bramlett,303.1314300554659
Doug Ghim,Stewart Cink,Chris Kirk,Bubba Watson,Will Gordon,Mark Anderson,298.9669059676851
Louis Oosthuizen,Denny McCarthy,Bo Hoag,Stewart Cink,Chris Kirk,Charl Schwartzel,300.02751961711834
Louis Oosthuizen,Matthew NeSmith,Dustin Johnson,Sean O'Hair,Mark Anderson,Hank Lebioda,292.8397610699909
Sam Ryder,Matthew Wolff,Doug Ghim,Josh Teater,Keegan Bradley,Kyle Stanley,299.26707106683733
Dustin Johnson,Adam Schenk,Roger Sloan,Brian Stuard,Tom Lewis,Stewart Cink,291.11044020257106
Joel Dahmen,Pat Perez,Cameron Tringale,Charl Schwartzel,Camilo Villegas,Emiliano Grillo,308.98789582057987
Joel Dahmen,Josh Teater,Patrick Reed,Scott Brown,Hank Lebioda,Richy Werenski,289.9518244383846
Dustin Johnson,Doug Ghim,Ryan Armour,Stewart Cink,Scott Brown,Joseph Bramlett,294.0604095943013
Sergio Garcia,Roger Sloan,Stewart Cink,Robert Streb,Ryan Moore,Emiliano Grillo,292.87803068247166
Scott Piercy,Scott Stallings,Brice Garnett,Cameron Tringale,Hank Lebioda,Troy Merritt,293.5168159979224
Dustin Johnson,Aaron Baddeley,Chesson Hadley,Andrew Putnam,Patrick Reed,Joseph Bramlett,292.4999257981338
Brandt Snedeker,Patton Kizzire,Charles Howell III,Robert Streb,Cameron Tringale,Camilo Villegas,301.77706976830467
Roger Sloan,Doug Ghim,Ryan Armour,Charles Howell III,Bo Hoag,Chris Baker,292.42354425213796
Sergio Garcia,Adam Schenk,Andrew Putnam,Brian Stuard,Josh Teater,Hank Lebioda,297.17461554158086
Russell Knox,Brandt Snedeker,Brendon Todd,Charles Howell III,Kyle Stanley,Cameron Tringale,300.05957482330683
Chesson Hadley,Doug Ghim,Andrew Putnam,Patrick Reed,Maverick McNealy,Emiliano Grillo,303.53021871000055
Tony Finau,Joel Dahmen,Josh Teater,Camilo Villegas,Emiliano Grillo,Cameron Davis,289.9425028289462
Roger Sloan,Brendon Todd,Keegan Bradley,Cameron Tringale,Hank Lebioda,Jhonattan Vegas,312.10220379542545
Matthew NeSmith,Brandt Snedeker,Sepp Straka,Doug Ghim,Patton Kizzire,Harry Higgs,295.42453670209807
Matthew NeSmith,Matthew Wolff,Scott Piercy,Michael Thompson,Vincent Whaley,Emiliano Grillo,290.4756988888271
Lanto Griffin,Roger Sloan,Sepp Straka,Bubba Watson,Will Gordon,Emiliano Grillo,294.8464206874803
Sepp Straka,Doug Ghim,Charles Howell III,Josh Teater,Chase Seiffert,Harry Higgs,293.8192164282932
Russell Knox,Sepp Straka,Patton Kizzire,Brice Garnett,Wyndham Clark,James Hahn,290.29008292058546
Sergio Garcia,Adam Schenk,Matthew Wolff,Doug Ghim,Brendon Todd,James Hahn,305.4822379282839
Dustin Johnson,Rafa Cabrera Bello,Scott Piercy,Kyle Stanley,Cameron Tringale,Hank Lebioda,304.3022056504721
Roger Sloan,Bo Hoag,Will Gordon,Cameron Tringale,Wyndham Clark,Emiliano Grillo,298.50057506446285
Louis Oosthuizen,Tony Finau,Charles Howell III,Denny McCarthy,Robert Streb,Satoshi Kodaira,294.91439887213164
Kevin Tway,Ben Taylor,Josh Teater,Patrick Reed,Cameron Tringale,Camilo Villegas,289.9685847849073
Ben Martin,Luke List,Doug Ghim,Stewart Cink,Keegan Bradley,Chris Baker,291.72014766171367
Matthew Wolff,Patton Kizzire,Brendon Todd,Kyle Stanley,Brice Garnett,Ryan Moore,303.333426085666
Joel Dahmen,Denny McCarthy,Pat Perez,Cameron Tringale,Matt Kuchar,Emiliano Grillo,292.6955775687759
Luke List,Ryan Armour,Chris Kirk,Cameron Tringale,Jhonattan Vegas,Cameron Percy,294.11377001131575
Ben Martin,Luke List,Andrew Putnam,Josh Teater,Cameron Tringale,Charl Schwartzel,302.23439442001967
Aaron Baddeley,Tony Finau,Doug Ghim,Bo Hoag,Scott Stallings,Cameron Tringale,316.12827647615336
Louis Oosthuizen,Lanto Griffin,Brice Garnett,Mark Anderson,Joseph Bramlett,Emiliano Grillo,309.3368300962769
Lanto Griffin,Doug Ghim,Charles Howell III,Patrick Reed,Charl Schwartzel,Nate Lashley,306.3076316619363
Matthew NeSmith,Andrew Putnam,Kyle Stanley,Cameron Tringale,Jhonattan Vegas,Cameron Percy,295.7978833917673
Matthew Wolff,Patton Kizzire,Tom Lewis,Pat Perez,Bo Hoag,Keegan Bradley,291.1607954440054
Louis Oosthuizen,Adam Schenk,Brice Garnett,Charl Schwartzel,Jhonattan Vegas,Chris Baker,296.00189214758745
Matthew NeSmith,Russell Knox,Adam Schenk,Chris Kirk,Charl Schwartzel,James Hahn,290.4065241990836
Louis Oosthuizen,Dustin Johnson,Ben Martin,Ben Taylor,Brice Garnett,Hank Lebioda,299.34567866881855
Adam Schenk,Sepp Straka,Doug Ghim,Cameron Champ,Hank Lebioda,Joseph Bramlett,292.0279648283155
Roger Sloan,Sepp Straka,Brandon Hagy,Charles Howell III,Josh Teater,Bubba Watson,297.15366278961915
Brandt Snedeker,Roger Sloan,Sepp Straka,Patrick Reed,Vincent Whaley,Scott Stallings,295.76164505537315
Tony Finau,Patrick Reed,Chris Kirk,Vincent Whaley,Camilo Villegas,Jonathan Byrd,294.7040087558202
Doug Ghim,Andrew Putnam,Charl Schwartzel,Michael Gellerman,Jhonattan Vegas,Emiliano Grillo,293.8614465653811
Roger Sloan,J.T. Poston,Brendon Todd,Patrick Reed,Scott Stallings,Kyle Stanley,292.57641864692897
Louis Oosthuizen,Matthew Wolff,Charles Howell III,Pat Perez,Robert Streb,Wyndham Clark,292.73509006251504
Sepp Straka,Doug Ghim,Kyle Stanley,Brice Garnett,Maverick McNealy,Michael Gligic,290.9030367113733
J.T. Poston,Doug Ghim,Patrick Reed,Bo Hoag,Chris Kirk,Rob Oppenheim,296.11108019366685
Dustin Johnson,Adam Schenk,Sam Ryder,Charles Howell III,Nate Lashley,Emiliano Grillo,291.41317454133974
Patton Kizzire,Michael Thompson,Pat Perez,James Hahn,Jhonattan Vegas,Michael Gligic,290.3656482460534
Matthew Wolff,Sepp Straka,Nelson Ledesma,Patrick Reed,Satoshi Kodaira,Joseph Bramlett,291.6447678409112
Doug Ghim,Kyle Stanley,Brice Garnett,Mark Hubbard,James Hahn,Richy Werenski,293.1359563693027
Aaron Baddeley,Doug Ghim,Bo Hoag,Stewart Cink,Satoshi Kodaira,Mark Anderson,296.64110412376874
Tony Finau,Sepp Straka,Bubba Watson,Kyle Stanley,Maverick McNealy,Jonathan Byrd,291.5133563359119
Ben Martin,Patton Kizzire,Cameron Tringale,Rob Oppenheim,Emiliano Grillo,Robert Macintyre,291.6027881351216
D.J. Trahan,Keegan Bradley,Cameron Tringale,Hank Lebioda,Camilo Villegas,Emiliano Grillo,301.91514089079345
Bronson Burgoon,Patton Kizzire,Charles Howell III,Chris Kirk,Hank Lebioda,Maverick McNealy,296.1719535496318
Peter Malnati,Roger Sloan,Doug Ghim,Patton Kizzire,Patrick Reed,Jhonattan Vegas,307.20434266421796
Dustin Johnson,Adam Schenk,Ryan Armour,Brandon Hagy,Charles Howell III,James Hahn,293.6623722336617
Ben Martin,Roger Sloan,Denny McCarthy,Stewart Cink,Keegan Bradley,Emiliano Grillo,298.9460366928229
Sepp Straka,Brandon Hagy,Scott Stallings,Kyle Stanley,Cameron Tringale,Mark Anderson,291.4125252750107
Louis Oosthuizen,Sepp Straka,Brian Stuard,Chase Seiffert,Cameron Tringale,Richy Werenski,297.8651844843898
Louis Oosthuizen,Lanto Griffin,Aaron Baddeley,Kevin Tway,Charles Howell III,Josh Teater,292.25300053796354
Matthew NeSmith,Matthew Wolff,Kyle Stanley,J.J. Spaun,Joseph Bramlett,Emiliano Grillo,290.44978388706477
Patrick Rodgers,Patton Kizzire,Charles Howell III,Denny McCarthy,Hank Lebioda,Ryan Moore,292.233689502291
Peter Malnati,Patrick Reed,J.J. Spaun,Cameron Tringale,Hank Lebioda,Emiliano Grillo,299.79671471237504
Sepp Straka,Andrew Putnam,Josh Teater,Patrick Reed,Kyle Stanley,James Hahn,311.26421429498953
Sergio Garcia,Adam Schenk,Tony Finau,Josh Teater,James Hahn,Beau Hossler,301.67212977906394
Patrick Rodgers,Dustin Johnson,Matthew Wolff,Charles Howell III,Josh Teater,Michael Gligic,289.8613909139815
Russell Knox,Josh Teater,Patrick Reed,Bubba Watson,Chris Baker,Emiliano Grillo,302.6843174355835
Louis Oosthuizen,Patrick Rodgers,Matthew Wolff,Sepp Straka,Hank Lebioda,Vaughn Taylor,290.7952956016844
Andrew Landry,Sepp Straka,Chris Kirk,Cameron Tringale,James Hahn,Camilo Villegas,292.5792383178437
Ben Martin,Sepp Straka,Robert Streb,Charl Schwartzel,James Hahn,Emiliano Grillo,293.66158383883356
Lanto Griffin,Andrew Landry,Adam Schenk,Tony Finau,Stewart Cink,James Hahn,295.1752184317436
Louis Oosthuizen,Aaron Baddeley,Josh Teater,Stewart Cink,Mark Anderson,Michael Gligic,293.5115754911236
Aaron Baddeley,Sepp Straka,Charles Howell III,Bo Hoag,Vaughn Taylor,Emiliano Grillo,292.81096147068104
Aaron Baddeley,Tony Finau,Ryan Armour,Scott Stallings,Kyle Stanley,Joseph Bramlett,293.37204815701114
Doug Ghim,Brendon Todd,Charles Howell III,Keegan Bradley,Wyndham Clark,Joseph Bramlett,299.49647541135664
Louis Oosthuizen,Doug Ghim,Will Gordon,Mark Hubbard,James Hahn,Jhonattan Vegas,294.0635446231472
Tony Finau,Luke List,Brian Stuard,Josh Teater,Bo Hoag,Harry Higgs,292.0312853618268
Adam Schenk,Roger Sloan,Patton Kizzire,Charles Howell III,Kyle Stanley,Chris Baker,303.2350251358821
Aaron Baddeley,Patrick Reed,Pat Perez,Chris Kirk,Hank Lebioda,Cameron Percy,302.0253770382325
Matthew NeSmith,Adam Schenk,Tony Finau,Doug Ghim,Scott Stallings,Camilo Villegas,305.13139295453277
Louis Oosthuizen,Luke List,Michael Thompson,Brian Stuard,Bubba Watson,Vincent Whaley,296.67714768026417
Louis Oosthuizen,Andrew Landry,Adam Schenk,Patton Kizzire,Satoshi Kodaira,Camilo Villegas,293.00825495761217
Dustin Johnson,Adam Schenk,Doug Ghim,Brendon Todd,Brian Stuard,Jason Dufner,290.34437086092714
Tyler McCumber,Matthew NeSmith,Matthew Wolff,Doug Ghim,Josh Teater,Bubba Watson,291.8081510749995
Adam Schenk,Nelson Ledesma,Patton Kizzire,Brice Garnett,Hank Lebioda,Richy Werenski,292.6984157901571
Charles Howell III,Josh Teater,Patrick Reed,Keegan Bradley,Camilo Villegas,Ryan Brehm,294.1890478045523
Chesson Hadley,Patrick Reed,Bubba Watson,Harry Higgs,Hank Lebioda,Joseph Bramlett,294.6184911050513
Louis Oosthuizen,Tony Finau,Joel Dahmen,Ryan Armour,Chase Seiffert,Bo Hoag,293.8244105589256
Ben Martin,Sepp Straka,Charles Howell III,Pat Perez,Cameron Tringale,Jhonattan Vegas,311.1967369729349
Roger Sloan,Charles Howell III,Stewart Cink,Bubba Watson,Hank Lebioda,Chris Baker,301.305405605951
Sergio Garcia,Adam Schenk,Roger Sloan,Patrick Reed,Satoshi Kodaira,Rob Oppenheim,293.589645129575
Roger Sloan,Sepp Straka,Doug Ghim,Cameron Tringale,Maverick McNealy,Chez Reavie,301.36831951323575
Lanto Griffin,Matthew NeSmith,Dustin Johnson,Scott Stallings,Kyle Stanley,Cameron Tringale,306.26114419277644
Dustin Johnson,Matthew Wolff,Patton Kizzire,Josh Teater,Brice Garnett,James Hahn,319.1708312464059
Sepp Straka,D.J. Trahan,Charles Howell III,Brian Stuard,Patrick Reed,Charl Schwartzel,290.64537073107385
Sergio Garcia,Sepp Straka,Patrick Reed,Vincent Whaley,Mark Hubbard,Joseph Bramlett,291.197321312631
Tony Finau,Patton Kizzire,Josh Teater,Robert Streb,Kyle Stanley,David Hearn,291.20209805776614
Adam Hadwin,Patrick Reed,Bubba Watson,Vincent Whaley,Keegan Bradley,Scott Stallings,290.6136308828167
Louis Oosthuizen,Roger Sloan,Ryan Armour,Charles Howell III,Michael Thompson,Vaughn Taylor,291.7714582521751
Luke List,Josh Teater,Chris Kirk,Keegan Bradley,Cameron Tringale,Keith Mitchell,296.87445044242867
Adam Schenk,Patton Kizzire,Charles Howell III,Bo Hoag,Rickie Fowler,Camilo Villegas,297.60170293282874
Louis Oosthuizen,Doug Ghim,Rafa Cabrera Bello,Josh Teater,Adam Hadwin,Pat Perez,296.46565381119336
Ben Martin,Tony Finau,Patton Kizzire,Vincent Whaley,Camilo Villegas,Ryan Moore,301.39437364349715
Lanto Griffin,Doug Ghim,Andrew Putnam,Patrick Reed,Pat Perez,Satoshi Kodaira,302.83878717049737
Bo Hoag,Will Gordon,Kyle Stanley,James Hahn,Maverick McNealy,Emiliano Grillo,292.9325690541117
Matthew Wolff,Scott Piercy,Stewart Cink,Bubba Watson,Mark Hubbard,Hank Lebioda,291.22318993822694
Tony Finau,Roger Sloan,J.T. Poston,Josh Teater,Charl Schwartzel,Beau Hossler,290.88072977535387
Roger Sloan,Brian Stuard,Vincent Whaley,James Hahn,Nate Lashley,Emiliano Grillo,290.38314133600466
Matthew NeSmith,Sergio Garcia,Roger Sloan,Patton Kizzire,Will Gordon,Cameron Tringale,300.7961396479122
Sergio Garcia,Roger Sloan,Luke List,Charles Howell III,Patrick Reed,Brice Garnett,307.3612239597826
Tony Finau,Tom Hoge,Brendon Todd,Brian Stuard,Patrick Reed,Troy Merritt,290.54498488136977
Sergio Garcia,Roger Sloan,Josh Teater,Tom Lewis,Vincent Whaley,Emiliano Grillo,289.83865731723154
Ben Martin,Patton Kizzire,Brendon Todd,Chase Seiffert,Cameron Tringale,James Hahn,302.5228912757156
Ben Martin,Kyle Stanley,Cameron Tringale,Hank Lebioda,Emiliano Grillo,David Lingmerth,290.432884412043
Patton Kizzire,Will Gordon,Charl Schwartzel,Wyndham Clark,Ryan Moore,Emiliano Grillo,291.0597325022724
Louis Oosthuizen,Matthew NeSmith,Josh Teater,Bo Hoag,Brice Garnett,Jason Dufner,290.3320533511417
Doug Ghim,Brandon Hagy,Denny McCarthy,Josh Teater,Charl Schwartzel,James Hahn,289.95946723060086
Aaron Baddeley,Doug Ghim,Patton Kizzire,Brendon Todd,Cameron Tringale,Jhonattan Vegas,317.0042202311388
Tony Finau,Austin Cook,Josh Teater,Cameron Tringale,Vaughn Taylor,Emiliano Grillo,307.6883243363571
Tony Finau,Joel Dahmen,Cameron Tringale,Mark Anderson,Beau Hossler,Joseph Bramlett,300.5175765670507
Luke List,Joel Dahmen,Doug Ghim,Andrew Putnam,Chris Kirk,Jhonattan Vegas,291.90847199807075
Adam Schenk,Brandt Snedeker,Charles Howell III,Cameron Tringale,James Hahn,Matt Kuchar,302.6091323946797
Russell Knox,Tony Finau,Chesson Hadley,Charles Howell III,Bubba Watson,Hank Lebioda,299.6722967332629
Dustin Johnson,Gary Woodland,Doug Ghim,Bo Hoag,Chris Kirk,Jhonattan Vegas,292.44276253547775
Aaron Baddeley,Brandon Hagy,Keegan Bradley,Kyle Stanley,Brice Garnett,Emiliano Grillo,291.65676999276536
Louis Oosthuizen,Adam Schenk,Charles Howell III,Michael Thompson,Chris Kirk,Scott Brown,295.6358450665034
Luke List,Patton Kizzire,Adam Long,Vincent Whaley,Kyle Stanley,Hank Lebioda,291.69461294451554
Lanto Griffin,Matthew Wolff,Rafael Campos,Doug Ghim,Patton Kizzire,Charles Howell III,295.90580073088836
Lanto Griffin,Patrick Reed,Kyle Stanley,Satoshi Kodaira,Cameron Percy,Emiliano Grillo,304.53992987923647
Tony Finau,Joel Dahmen,Michael Thompson,James Hahn,Beau Hossler,Emiliano Grillo,298.35845994026755
Dustin Johnson,Kevin Tway,J.T. Poston,Doug Ghim,Charles Howell III,Jhonattan Vegas,291.3141614261599
Brian Stuard,Brice Garnett,Cameron Tringale,Maverick McNealy,Chez Reavie,Emiliano Grillo,296.778136420131
Louis Oosthuizen,Charles Howell III,Kyle Stanley,Hank Lebioda,Camilo Villegas,Cameron Davis,294.2364813475059
Kris Ventura,Patton Kizzire,Charles Howell III,Keegan Bradley,Wyndham Clark,Emiliano Grillo,291.8420613278424
Adam Schenk,Doug Ghim,Patton Kizzire,Adam Long,Bo Hoag,Satoshi Kodaira,296.39570000185506
Tony Finau,Joel Dahmen,Doug Ghim,Michael Thompson,Brice Garnett,Joseph Bramlett,308.13629955293374
Roger Sloan,Patton Kizzire,Patrick Reed,Brice Garnett,J.J. Spaun,Ryan Moore,297.3117498655091
Doug Ghim,Charles Howell III,Bo Hoag,Vincent Whaley,Scott Brown,James Hahn,292.2282542155935
Matthew NeSmith,Dustin Johnson,Roger Sloan,Patton Kizzire,James Hahn,Maverick McNealy,305.20446324225054
Brandt Snedeker,Roger Sloan,Chris Kirk,Bubba Watson,Cameron Tringale,Mark Anderson,306.8872873652773
Louis Oosthuizen,Brandt Snedeker,Luke List,Josh Teater,Vincent Whaley,Keegan Bradley,300.92277440777633
Tony Finau,Roger Sloan,Vincent Whaley,Keegan Bradley,Scott Stallings,Wyndham Clark,290.77821989723043
Doug Ghim,Brendon Todd,Stewart Cink,Robert Streb,Cameron Tringale,Ryan Moore,304.027677296084
Nelson Ledesma,Stewart Cink,Brice Garnett,Satoshi Kodaira,Cameron Tringale,Joseph Bramlett,295.29040755375
Roger Sloan,Josh Teater,Brice Garnett,Harry Higgs,James Hahn,Ryan Moore,290.9328565863431
Peter Malnati,Andrew Putnam,Patrick Reed,Chris Kirk,James Hahn,Emiliano Grillo,295.2745005286883
Sepp Straka,Charles Howell III,Scott Stallings,Charl Schwartzel,Maverick McNealy,Joseph Bramlett,291.0569870332239
Nelson Ledesma,Doug Ghim,Michael Thompson,Chris Kirk,Cameron Tringale,Joseph Bramlett,302.8783182147031
Roger Sloan,Doug Ghim,Andrew Putnam,Scott Piercy,Brian Stuard,James Hahn,290.7988109150945
Louis Oosthuizen,Dustin Johnson,Roger Sloan,Bronson Burgoon,Kyle Stanley,Vaughn Taylor,290.1686979427533
Tony Finau,Brandt Snedeker,Doug Ghim,Chase Seiffert,Kyle Stanley,Camilo Villegas,298.82612647708095
Matthew NeSmith,Tony Finau,Rhein Gibson,Patrick Reed,Pat Perez,Bo Hoag,291.0778099319198
Brandt Snedeker,Matthew Wolff,Patton Kizzire,Bubba Watson,Scott Stallings,James Hahn,301.18200790249875
Lanto Griffin,Ben Martin,Brandt Snedeker,Scott Piercy,Patrick Reed,Cameron Tringale,301.6636893167863
Louis Oosthuizen,Kris Ventura,Brian Stuard,Kyle Stanley,Satoshi Kodaira,Emiliano Grillo,291.09065613000166
Adam Schenk,Sepp Straka,Charles Howell III,Brian Stuard,Bubba Watson,Will Gordon,292.5768453076595
Tony Finau,Sepp Straka,Patton Kizzire,Brian Stuard,Scott Stallings,Hank Lebioda,310.2747602352199
Adam Schenk,Tony Finau,Sepp Straka,Tom Hoge,Kyle Stanley,Ryan Moore,298.42652160201834
Doug Ghim,Patton Kizzire,Bo Hoag,Kyle Stanley,Brice Garnett,Quade Cummins,296.2405438996791
Aaron Baddeley,Kevin Tway,Charles Howell III,Patrick Reed,Joseph Bramlett,Ryan Moore,290.1666481162001
Brandt Snedeker,Patton Kizzire,Ryan Armour,Chris Kirk,Satoshi Kodaira,Charl Schwartzel,291.18289832489285
John Huh,Charles Howell III,Josh Teater,Vincent Whaley,Hank Lebioda,Jhonattan Vegas,297.12653273229824
Roger Sloan,Brendon Todd,Josh Teater,Kyle Stanley,Satoshi Kodaira,James Hahn,299.2730814179977
Louis Oosthuizen,Adam Schenk,Brendon Todd,Chris Kirk,Keegan Bradley,Scott Brown,290.82904817556164
Tony Finau,Patton Kizzire,Scott Piercy,Josh Teater,Jhonattan Vegas,Michael Gligic,296.7006047452094
Adam Schenk,Doug Ghim,Kyle Stanley,Brice Garnett,Troy Merritt,Emiliano Grillo,312.56113306249654
Matthew Wolff,Patton Kizzire,Michael Thompson,Keegan Bradley,Wyndham Clark,Joseph Bramlett,296.50365444190925
Dustin Johnson,Adam Schenk,Ben Martin,Brandt Snedeker,Scott Piercy,Hank Lebioda,296.17530190884304
Kyle Stanley,Cameron Tringale,Maverick McNealy,Jhonattan Vegas,Emiliano Grillo,Ryan Brehm,295.79135362754374
Matthew Wolff,Andrew Putnam,Charles Howell III,Patrick Reed,James Hahn,Camilo Villegas,305.29815237353216
Patton Kizzire,Keegan Bradley,Brice Garnett,Rickie Fowler,Michael Gligic,Emiliano Grillo,291.78276476153377
Brandt Snedeker,Patrick Reed,Mark Anderson,James Hahn,Camilo Villegas,Maverick McNealy,293.1463075296344
Doug Ghim,Ryan Armour,Brian Stuard,Keegan Bradley,Jhonattan Vegas,Ryan Moore,294.3933904687703
Brandt Snedeker,Matthew Wolff,Luke List,Nelson Ledesma,Doug Ghim,Charles Howell III,290.640603261172
Aaron Baddeley,Ben Martin,Roger Sloan,Doug Ghim,Robert Streb,Emiliano Grillo,296.6160424434675
Louis Oosthuizen,Lanto Griffin,Ben Martin,Brandt Snedeker,Ryan Armour,Hank Lebioda,295.6719721000983
Lanto Griffin,Sepp Straka,Michael Thompson,Patrick Reed,Chris Kirk,Rickie Fowler,292.9850575991986
Louis Oosthuizen,Patrick Rodgers,Adam Schenk,Matthew Wolff,Brice Garnett,Mark Anderson,297.7987367132284
Adam Schenk,Aaron Baddeley,Josh Teater,Bubba Watson,Keegan Bradley,Michael Gligic,290.0873819726566
Adam Schenk,Aaron Baddeley,Doug Ghim,Will Gordon,Cameron Tringale,Joseph Bramlett,305.08120466729736
Adam Schenk,Matthew Wolff,J.T. Poston,Joel Dahmen,Doug Ghim,Bubba Watson,298.57756877585473
Chesson Hadley,Doug Ghim,Patrick Reed,Charl Schwartzel,Hank Lebioda,Chez Reavie,298.51472907043603
Adam Schenk,Josh Teater,Patrick Reed,Stewart Cink,Bubba Watson,Chez Reavie,308.7816053573747
Kris Ventura,Joel Dahmen,Patrick Reed,Chris Kirk,Satoshi Kodaira,Cameron Tringale,292.96252805758064
Matthew Wolff,Doug Ghim,Brian Stuard,Josh Teater,Bo Hoag,Michael Gligic,294.3785408203016
Tony Finau,Patton Kizzire,Brendon Todd,Scott Piercy,Kyle Stanley,Matt Kuchar,293.6257907136365
Doug Ghim,Patton Kizzire,John Huh,Satoshi Kodaira,Cameron Tringale,Joseph Bramlett,311.34663401784553
Louis Oosthuizen,Roger Sloan,J.T. Poston,Charles Howell III,Richy Werenski,Joseph Bramlett,295.01142708739127
Louis Oosthuizen,Keegan Bradley,Maverick McNealy,Jhonattan Vegas,Cameron Percy,Joseph Bramlett,294.45856753297346
Dustin Johnson,Andrew Putnam,Bubba Watson,Hank Lebioda,Camilo Villegas,Joseph Bramlett,301.2021629843991
Matthew NeSmith,Sepp Straka,Doug Ghim,Ryan Armour,Vincent Whaley,Charl Schwartzel,294.4673697293487
Bill Haas,Dustin Johnson,Doug Ghim,Pat Perez,Scott Stallings,Emiliano Grillo,294.7038047006882
Brandt Snedeker,Doug Ghim,Tom Hoge,Pat Perez,Hank Lebioda,Maverick McNealy,290.73388428218965
Matthew NeSmith,Adam Schenk,Luke List,Scott Piercy,Bubba Watson,Kyle Stanley,291.53354851874525
Louis Oosthuizen,Doug Ghim,Adam Hadwin,Chase Seiffert,Bo Hoag,Hank Lebioda,296.947678409112
Tyler McCumber,Sam Ryder,Doug Ghim,Cameron Tringale,Joseph Bramlett,Emiliano Grillo,290.4144545235313
Louis Oosthuizen,Charles Howell III,Scott Piercy,Josh Teater,Scott Stallings,Rob Oppenheim,291.3331478286679
Louis Oosthuizen,Russell Knox,Luke List,Doug Ghim,Rickie Fowler,Mark Anderson,291.1232956758863
Luke List,Chris Kirk,Satoshi Kodaira,Hank Lebioda,Troy Merritt,Emiliano Grillo,296.0567551523921
Matthew NeSmith,Patrick Rodgers,Aaron Baddeley,Tony Finau,Sepp Straka,Stewart Cink,291.1684104105218
Dustin Johnson,Nelson Ledesma,Patton Kizzire,Scott Harrington,Patrick Reed,James Hahn,289.87383827703263
Dustin Johnson,Sergio Garcia,Adam Schenk,Roger Sloan,Rafa Cabrera Bello,Mark Anderson,289.9536331088727
Sergio Garcia,Scott Piercy,Brian Stuard,Josh Teater,Pat Perez,Cameron Tringale,299.61454913091063
Tony Finau,Charles Howell III,Patrick Reed,Bo Hoag,Cameron Percy,Nate Lashley,302.50860741647654
Tony Finau,Roger Sloan,Josh Teater,Mark Hubbard,Charl Schwartzel,Maverick McNealy,295.30679689094177
Louis Oosthuizen,Adam Schenk,Doug Ghim,Chez Reavie,Chris Baker,Ryan Moore,289.8384068859332
Matthew NeSmith,Tony Finau,Doug Ghim,Patton Kizzire,Jhonattan Vegas,Troy Merritt,311.11482738790886
Lanto Griffin,Ben Martin,Patton Kizzire,Rafa Cabrera Bello,Bubba Watson,Keegan Bradley,291.29442372975683
Kevin Tway,Roger Sloan,Patton Kizzire,John Huh,Cameron Tringale,Hank Lebioda,298.04082030163056
Patton Kizzire,Scott Piercy,Patrick Reed,Keegan Bradley,Jhonattan Vegas,Nate Lashley,296.58506316433864
Aaron Baddeley,Patrick Reed,Kyle Stanley,Satoshi Kodaira,Maverick McNealy,Jhonattan Vegas,295.5370081807557
Dustin Johnson,Ryan Armour,Pat Perez,Cameron Tringale,Robby Shelton,Hank Lebioda,295.34487172352385
Sepp Straka,Joel Dahmen,Tom Hoge,Bubba Watson,Kyle Stanley,Hank Lebioda,292.6047637598086
Ben Martin,Tony Finau,Josh Teater,Kyle Stanley,James Hahn,Cameron Davis,292.47790639434584
Lanto Griffin,Matthew NeSmith,Tony Finau,Sepp Straka,Josh Teater,Mark Anderson,301.9415011037528
Sepp Straka,Ryan Armour,Josh Teater,Kyle Stanley,Charl Schwartzel,Cameron Percy,292.43198471441553
Louis Oosthuizen,Lanto Griffin,Sergio Garcia,Aaron Baddeley,Sepp Straka,Ryan Moore,292.38648969521586
Doug Ghim,Scott Piercy,Stewart Cink,Cameron Tringale,Mark Anderson,James Hahn,312.85927616079545
Doug Ghim,Andrew Putnam,Charles Howell III,Cameron Tringale,Nick Watney,Joseph Bramlett,291.6720741276643
Aaron Baddeley,Tony Finau,Sepp Straka,Brice Garnett,Charl Schwartzel,Troy Merritt,293.5378615022168
Adam Schenk,Charles Howell III,Patrick Reed,Scott Stallings,Jhonattan Vegas,Chris Baker,296.3575138664737
Brandt Snedeker,Ryan Armour,Brandon Hagy,Patrick Reed,Charl Schwartzel,Hank Lebioda,289.97127460255626
Louis Oosthuizen,Lanto Griffin,Adam Schenk,Vincent Whaley,Robert Streb,Cameron Tringale,303.3975828742093
Patton Kizzire,Keegan Bradley,Scott Stallings,Kyle Stanley,James Hahn,Rob Oppenheim,294.214294989519
